<nucleusskin>

<meta><skin name="grey" /><template name="grey/short" /><template name="grey/full" /><info><![CDATA[Default (sample) skin]]></info></meta>

<skin name="grey" type="text/html" includeMode="skindir" includePrefix="grey/"><description>Default skin to display your blog</description>

<part name="archive">

<![CDATA[<!DOCTYPE HTML PUBLIC "-//W3C//DTD HTML 4.01 Transitional//EN" "http://www.w3.org/TR/html4/loose.dtd">

<html>
<head>
  <title><%blogsetting(name)%></title>

  <!-- some meta information (search engines might read this) -->
  <meta name="generator" content="<%version%>" />
  <meta name="description" content="<%blogsetting(desc)%>" />

  <!-- stylesheet definition (points to the place where colors -->
  <!-- and layout is defined -->
  <link rel="stylesheet" type="text/css" href="<%skinfile(grey.css)%>" />

  <!-- prevent caching (can be removed) -->
  <meta http-equiv="Pragma" content="no-cache" />
  <meta http-equiv="Cache-Control" content="no-cache, must-revalidate" />
  <meta http-equiv="Expires" content="-1" />
  
  <!-- extra navigational links -->
  <link rel="bookmark" title="Nucleus" href="http://nucleuscms.org/" />
  <link rel="alternate" type="application/rss+xml" title="RSS" href="xml-rss2.php" />
  <link rel="archives" title="Archives" href="<%archivelink%>" />
  <link rel="top" title="Today" href="<%sitevar(url)%>" />
  <link rel="up" href="<%todaylink%>" title="Today" />

</head>
<body>

<!-- here starts the code that will be displayed in your browser -->
<div class="contents">

 <!-- this is a normally hidden link, included for accessibility reasons -->
 <a href="#navigation" class="skip">Jump to navigation</a>

 <!-- a title -->
 <h1><%blogsetting(name)%></h1>

 <!-- This tag inserts the archive using the grey/short template -->
 <%archive(grey/short)%>

</div><!-- end of the contents div -->

<!-- definition of the logo left-top -->
<div class="logo">
 <a href="<%sitevar(url)%>"><img src="<%skinfile(atom3.gif)%>" width="155" height="137" alt="" /></a>
</div>

<!-- definition of the menu -->
<div class="menu">
 <!-- accessibility anchor -->
 <a name="navigation" id="navigation" class="skip"></a>
 <h1 class="skip">Navigation</h1>

 <h2>Navigation</h2>

 <ul class="nobullets">
   <li><a href="<%prevlink%>">Previous <%archivetype%></a></li>
   <li><a href="<%nextlink%>">Next <%archivetype%></a></li>
   <li><a href="<%todaylink%>">Today</a></li>
   <li><a href="<%archivelink%>">Archives</a></li>
   <li><a href="<%adminurl%>">Admin Area</a></li>
 </ul>

 <h2>Categories</h2>
 <%categorylist(grey/short)%>

 <h2>Search</h2>
 <%searchform%>
 
 <h2>Login</h2>
 <%loginform%>

 <h2>Powered by</h2>
 <%nucleusbutton(nucleus.gif,85,31)%>
 
</div>

</body>
</html>]]></part>

<part name="archivelist">

<![CDATA[<!DOCTYPE HTML PUBLIC "-//W3C//DTD HTML 4.01 Transitional//EN" "http://www.w3.org/TR/html4/loose.dtd">

<html>
<head>
  <title><%blogsetting(name)%></title>

  <!-- some meta information (search engines might read this) -->
  <meta name="generator" content="<%version%>" />
  <meta name="description" content="<%blogsetting(desc)%>" />

  <!-- stylesheet definition (points to the place where colors -->
  <!-- and layout is defined -->
  <link rel="stylesheet" type="text/css" href="<%skinfile(grey.css)%>" />

  <!-- prevent caching (can be removed) -->
  <meta http-equiv="Pragma" content="no-cache" />
  <meta http-equiv="Cache-Control" content="no-cache, must-revalidate" />
  <meta http-equiv="Expires" content="-1" />
  
  <!-- extra navigational links -->
  <link rel="bookmark" title="Nucleus" href="http://nucleuscms.org/" />
  <link rel="alternate" type="application/rss+xml" title="RSS" href="xml-rss2.php" />
  <link rel="archives" title="Archives" href="<%archivelink%>" />
  <link rel="top" title="Today" href="<%sitevar(url)%>" />
  <link rel="up" href="<%todaylink%>" title="Today" />

</head>
<body>

<!-- here starts the code that will be displayed in your browser -->
<div class="contents">

<!-- a title -->
<h1><%blogsetting(name)%></h1>

 <!-- this is a normally hidden link, included for accessibility reasons -->
 <a href="#navigation" class="skip">Jump to navigation</a>

 <h2>Archives</h2>
 <!-- This tag inserts the archivelist using the grey/short template -->
 <%archivelist(grey/short)%>

</div><!-- end of the contents div -->

<!-- definition of the logo left-top -->
<div class="logo">
 <a href="<%sitevar(url)%>"><img src="<%skinfile(atom3.gif)%>" width="155" height="137" alt="" /></a> 
</div>

<!-- definition of the menu -->
<div class="menu">
 <!-- accessibility anchor -->
 <a name="navigation" id="navigation" class="skip"></a>
 <h1 class="skip">Navigation</h1>

 <h2>Navigation</h2>
 <ul class="nobullets">
   <li><a href="<%todaylink%>">Today</a></li>
   <li><a href="<%archivelink%>">Archives</a></li>
   <li><a href="<%adminurl%>">Admin Area</a></li>
 </ul>

 <h2>Categories</h2>
 <%categorylist(grey/short)%>
 
 <h2>Search</h2>
 <%searchform%>
 
 <h2>Login</h2>
 <%loginform%>

 <h2>Powered by</h2>
 <%nucleusbutton(nucleus.gif,85,31)%>

</div>

</body>
</html>]]></part>

<part name="error">

<![CDATA[<!DOCTYPE HTML PUBLIC "-//W3C//DTD HTML 4.01 Transitional//EN" "http://www.w3.org/TR/html4/loose.dtd">

<html>
<head>
  <title><%sitevar(name)%></title>

  <!-- some meta information (search engines might read this) -->
  <meta name="generator" content="<%version%>" />

  <!-- stylesheet definition (points to the place where colors -->
  <!-- and layout is defined -->
  <link rel="stylesheet" type="text/css" href="<%skinfile(grey.css)%>" />

  <!-- prevent caching (can be removed) -->
  <meta http-equiv="Pragma" content="no-cache" />
  <meta http-equiv="Cache-Control" content="no-cache, must-revalidate" />
  <meta http-equiv="Expires" content="-1" />
  
  <!-- extra navigational links -->
  <link rel="bookmark" title="Nucleus" href="http://nucleuscms.org/" />
  <link rel="top" title="Today" href="<%todaylink%>" />
  <link rel="up" href="<%todaylink%>" title="Today" />
</div>

</head>
<body>

<!-- here starts the code that will be displayed in your browser -->
<div class="contents">

 <!-- this is a normally hidden link, included for accessibility reasons -->
 <a href="#navigation" class="skip">Jump to navigation</a>

 <!-- a title -->
 <h1><%sitevar(name)%></h1>

 <h2>Error!</h2>

 <p><%errormessage%></p>

 <p><a href="javascript:history.go(-1);">Go back</a></p>

</div><!-- end of the contents div -->

<!-- definition of the logo left-top -->
<div class="logo">
 <a href="<%sitevar(url)%>"><img src="<%skinfile(atom3.gif)%>" width="155" height="137" alt="" /></a>
</div>

<!-- definition of the menu -->
<div class="menu">
 <!-- accessibility anchor -->
 <a name="navigation" id="navigation" class="skip"></a>
 <h1 class="skip">Navigation</h1>

 <h2>Navigation</h2>

 <ul class="nobullets">
  <li><a href="<%todaylink%>">Today</a></li>
  <li><a href="<%adminurl%>">Admin Area</a></li>
 </ul>
 
 <h2>Login</h2>
 <%loginform%>

 <h2>Powered by</h2>
 <%nucleusbutton(nucleus.gif,85,31)%>

</div>

</body>
</html>]]></part>

<part name="imagepopup">

<![CDATA[<!DOCTYPE HTML PUBLIC "-//W3C//DTD HTML 4.01 Transitional//EN" "http://www.w3.org/TR/html4/loose.dtd">

<html>
<head>
  <title><%imagetext%></title>
  <style type="text/css">
   img { border: none; }
   body { margin: 0px; }
  </style>
</head>
<body onblur="window.close()">
  <a href="javascript:window.close();"><%image%></a>
</body>
</html>]]></part>

<part name="index">

<![CDATA[<!DOCTYPE HTML PUBLIC "-//W3C//DTD HTML 4.01 Transitional//EN" "http://www.w3.org/TR/html4/loose.dtd">

<html>
<head>
  <title><%blogsetting(name)%></title>

  <!-- some meta information (search engines might read this) -->
  <meta name="generator" content="<%version%>" />
  <meta name="description" content="<%blogsetting(desc)%>" />

  <!-- stylesheet definition (points to the place where colors -->
  <!-- and layout is defined -->
  <link rel="stylesheet" type="text/css" href="<%skinfile(grey.css)%>" />

  <!-- prevent caching (can be removed) -->
  <meta http-equiv="Pragma" content="no-cache" />
  <meta http-equiv="Cache-Control" content="no-cache, must-revalidate" />
  <meta http-equiv="Expires" content="-1" />
  
  <!-- extra navigational links -->
  <link rel="bookmark" title="Nucleus" href="http://nucleuscms.org/" />
  <link rel="archives" title="Archives" href="<%archivelink%>" />
  <link rel="top" title="Today" href="<%todaylink%>" />

  <!-- link RSS as alternate version -->
  <link rel="alternate" type="application/rss+xml" title="RSS" href="xml-rss2.php" />

  <!-- RSD support -->
  <link rel="EditURI" type="application/rsd+xml" title="RSD" href="rsd.php" />

</head>
<body>

<!-- here starts the code that will be displayed in your browser -->
<div class="contents">
 <!-- page title -->
 <h1><%blogsetting(name)%></h1>

 <!-- this is a normally hidden link, included for accessibility reasons -->
 <a href="#navigation" class="skip">Jump to navigation</a>

 <!-- this tag inserts a weblog using the template named 'grey/short'   -->
 <!-- and showing 15 entries                                                -->
 <%blog(grey/short,15)%>

</div><!-- end of the contents div -->

<!-- definition of the logo (left-top) -->
<div class="logo">
 <a href="<%sitevar(url)%>"><img src="<%skinfile(atom3.gif)%>" width="155" height="137" alt="" /></a>
</div>

<!-- definition of the menu -->
<div class="menu">
 <!-- accessibility anchor -->
 <a name="navigation" id="navigation" class="skip"></a>
 <h1 class="skip">Navigation</h1>

 <h2>Navigation</h2>
 <ul class="nobullets">
  <li><a href="<%todaylink%>">Today</a></li>
  <li><a href="<%archivelink%>">Archives</a></li>
  <li><a href="<%adminurl%>">Admin Area</a></li>
 </ul>

 <h2>Categories</h2>
 <%categorylist(grey/short)%>

 <h2>Search</h2>
 <%searchform%>
 
 <h2>Login</h2>
 <%loginform%>

 <h2>My Links</h2>

 <ul class="nobullets">
  <li><a href="http://nucleuscms.org/" title="This site is Nucleus-powered">Nucleus</a></li>
  <li><a href="http://www.weblogs.com/" title="latest updates">Weblogs</a></li>
  <li><a href="http://www.daypop.com/" title="Search news &amp; weblog sites">DayPop</a></li>
  <li><a href="http://www.google.com/" title="Search the web">Google</a></li>
 </ul>

 <h2>Powered by</h2>
 <%nucleusbutton(nucleus.gif,85,31)%>

</div>

</body>
</html>]]></part>

<part name="item">

<![CDATA[<!DOCTYPE HTML PUBLIC "-//W3C//DTD HTML 4.01 Transitional//EN" "http://www.w3.org/TR/html4/loose.dtd">

<html>
<head>
  <title><%itemtitle%> - <%blogsetting(name)%></title>

  <!-- some meta information (search engines might read this) -->
  <meta name="generator" content="<%version%>" />
  <meta name="description" content="<%blogsetting(desc)%>" />

  <!-- stylesheet definition (points to the place where colors -->
  <!-- and layout is defined -->
  <link rel="stylesheet" type="text/css" href="<%skinfile(grey.css)%>" />

  <!-- prevent caching (can be removed) -->
  <meta http-equiv="Pragma" content="no-cache" />
  <meta http-equiv="Cache-Control" content="no-cache, must-revalidate" />
  <meta http-equiv="Expires" content="-1" />
  
  <!-- extra navigational links -->
  <link rel="bookmark" title="Nucleus" href="http://nucleuscms.org/" />
  <link rel="alternate" type="application/rss+xml" title="RSS" href="xml-rss2.php" />
  <link rel="archives" title="Archives" href="<%archivelink%>" />
  <link rel="top" title="Today" href="<%sitevar(url)%>" />
  <link rel="next" href="<%nextlink%>" title="Next Item" />
  <link rel="prev" href="<%prevlink%>" title="Previous Item" />
  <link rel="up" href="<%todaylink%>" title="Today" />

</head>
<body>

<!-- here starts the code that will be displayed in your browser -->
<div class="contents">

 <!-- page title -->
 <h1><%blogsetting(name)%></h1>

 <!-- this is a normally hidden link, included for accessibility reasons -->
 <a href="#navigation" class="skip">Jump to navigation</a>

 <!-- inserts the selected item using the template named 'grey/full'     -->
 <%item(grey/full)%>

 <!-- this tag inserts the comments on the selected item, also using the -->
 <!-- template with name 'grey/full'                                     -->
 <h2>Comments</h2>
 <%comments(grey/full)%>

 <h2>Add Comments</h2>
 <%commentform%>

</div><!-- end of the contents div -->

<!-- definition of the logo left-top -->
<div class="logo">
 <a href="<%sitevar(url)%>"><img src="<%skinfile(atom3.gif)%>" width="155" height="137" alt="" /></a>
</div>

<!-- definition of the menu -->
<div class="menu">

 <!-- accessibility anchor -->
 <a name="navigation" id="navigation" class="skip"></a>
 <h1 class="skip">Navigation</h1>

 <h2>Navigation</h2>
 <ul class="nobullets">
  <li><a href="<%nextlink%>">Previous Item</a></li>
  <li><a href="<%prevlink%>">Next Item</a></li>
  <li><a href="<%todaylink%>">Today</a></li>
  <li><a href="<%archivelink%>">Archives</a></li>
  <li><a href="<%adminurl%>">Admin Area</a></li>
 </ul>

 <h2>Categories</h2>
 <%categorylist(grey/short)%>

 <h2>Search</h2>
 <%searchform%>
 
 <h2>Login</h2>
 <%loginform%>

 <h2>Powered by</h2>
 <%nucleusbutton(nucleus.gif,85,31)%>

</div>

</body>
</html>]]></part>

<part name="member">

<![CDATA[<!DOCTYPE HTML PUBLIC "-//W3C//DTD HTML 4.01 Transitional//EN" "http://www.w3.org/TR/html4/loose.dtd">

<html>
<head>
  <title><%sitevar(name)%></title>

  <!-- some meta information (search engines might read this) -->
  <meta name="generator" content="<%version%>" />

  <!-- stylesheet definition (points to the place where colors -->
  <!-- and layout is defined -->
  <link rel="stylesheet" type="text/css" href="<%skinfile(grey.css)%>" />

  <!-- prevent caching (can be removed) -->
  <meta http-equiv="Pragma" content="no-cache" />
  <meta http-equiv="Cache-Control" content="no-cache, must-revalidate" />
  <meta http-equiv="Expires" content="-1" />
  
  <!-- extra navigational links -->
  <link rel="bookmark" title="Nucleus" href="http://nucleuscms.org/" />
  <link rel="top" title="Today" href="<%todaylink%>" />
  <link rel="up" href="<%todaylink%>" title="Today" />

</head>
<body>

<!-- here starts the code that will be displayed in your browser -->
<div class="contents">

 <!-- this is a normally hidden link, included for accessibility reasons -->
 <a href="#navigation" class="skip">Jump to navigation</a>

 <!-- a title -->
 <h1><%sitevar(name)%></h1>

 <h2>Info about <%member(name)%></h2>

 <ul>
  <li>Real name: <%member(realname)%></li>
  <li>Website: <a href="<%member(url)%>"><%member(url)%></a></li>
 </ul>

 <h2>Send Message</h2>
 <%membermailform%>

</div><!-- end of the contents div -->

<!-- definition of the logo left-top -->
<div class="logo">
 <a href="<%sitevar(url)%>"><img src="<%skinfile(atom3.gif)%>" width="155" height="137" alt="" /></a>
</div>

<!-- definition of the menu -->
<div class="menu">
 <!-- accessibility anchor -->
 <a name="navigation" id="navigation" class="skip"></a>
 <h1 class="skip">Navigation</h1>

 <h2>Navigation</h2>

 <ul class="nobullets">
  <li><a href="<%todaylink%>">Today</a></li>
  <li><a href="<%adminurl%>">Admin Area</a></li>
 </ul>
 
 <h2>Login</h2>
 <%loginform%>

 <h2>Powered by</h2>
 <%nucleusbutton(nucleus.gif,85,31)%>

</div>

</body>
</html>]]></part>

<part name="search">

<![CDATA[<!DOCTYPE HTML PUBLIC "-//W3C//DTD HTML 4.01 Transitional//EN" "http://www.w3.org/TR/html4/loose.dtd">

<html>
<head>
  <title><%blogsetting(name)%></title>

  <!-- some meta information (search engines might read this) -->
  <meta name="generator" content="<%version%>" />
  <meta name="description" content="<%blogsetting(desc)%>" />

  <!-- stylesheet definition (points to the place where colors -->
  <!-- and layout is defined -->
  <link rel="stylesheet" type="text/css" href="<%skinfile(grey.css)%>" />
  
  <!-- prevent caching (can be removed) -->
  <meta http-equiv="Pragma" content="no-cache" />
  <meta http-equiv="Cache-Control" content="no-cache, must-revalidate" />
  <meta http-equiv="Expires" content="-1" />
  
  <!-- extra navigational links -->
  <link rel="bookmark" title="Nucleus" href="http://nucleuscms.org/" />
  <link rel="alternate" type="application/rss+xml" title="RSS" href="xml-rss2.php" />
  <link rel="archives" title="Archives" href="<%archivelink%>" />
  <link rel="top" title="Today" href="<%sitevar(url)%>" />
  <link rel="up" href="<%todaylink%>" title="Today" />

</head>
<body>

<!-- here starts the code that will be displayed in your browser -->
<div class="contents">

 <!-- this is a normally hidden link, included for accessibility reasons -->
 <a href="#navigation" class="skip">Jump to navigation</a>

 <!-- a title -->
 <h1><%blogsetting(name)%></h1>

 <h2>Search</h2>
 <%searchform%>

 <h2>Search results</h2>
 <%searchresults(grey/short)%>

</div><!-- end of the contents div -->

<!-- definition of the logo left-top -->
<div class="logo">
 <a href="<%sitevar(url)%>"><img src="<%skinfile(atom3.gif)%>" width="155" height="137" alt="" /></a>
</div>

<!-- definition of the menu -->
<div class="menu">
 <!-- accessibility anchor -->
 <a name="navigation" id="navigation" class="skip"></a>
 <h1 class="skip">Navigation</h1>

 <h2>Navigation</h2>

 <ul class="nobullets">
   <li><a href="<%todaylink%>">Today</a></li>
   <li><a href="<%archivelink%>">Archives</a></li>
   <li><a href="<%adminurl%>">Admin Area</a></li>
 </ul>

 <h2>Search</h2>
 <%searchform%>
 
 <h2>Login</h2>
 <%loginform%>

 <h2>Powered by</h2>
 <%nucleusbutton(nucleus.gif,85,31)%>

</div>

</body>
</html>]]></part>

</skin>

<template name="grey/short"><description>The default template that is used to display your Nucleus blog</description>

<part name="ARCHIVELIST_FOOTER"><![CDATA[</ul>]]></part>
<part name="ARCHIVELIST_HEADER"><![CDATA[<ul>]]></part>
<part name="ARCHIVELIST_LISTITEM"><![CDATA[<li><a href="<%archivelink%>">%B, %Y</a></li>]]></part>
<part name="CATLIST_FOOTER"><![CDATA[</ul>]]></part>
<part name="CATLIST_HEADER"><![CDATA[<ul class="nobullets"><li><a href="<%blogurl%>">All</a></li>]]></part>
<part name="CATLIST_LISTITEM"><![CDATA[ <li><a href="<%catlink%>"><%catname%></a></li>]]></part>
<part name="COMMENTS_MANY"><![CDATA[comments]]></part>
<part name="COMMENTS_NONE"><![CDATA[<a href="<%itemlink%>" rel="bookmark">No <%commentword%></a>]]></part>
<part name="COMMENTS_ONE"><![CDATA[comment]]></part>
<part name="COMMENTS_TOOMUCH"><![CDATA[<a href="<%itemlink%>" rel="bookmark"><%commentcount%> <%commentword%></a>]]></part>
<part name="DATE_HEADER"><![CDATA[<h2>%d %B</h2>]]></part>
<part name="EDITLINK"><![CDATA[<a href="<%editlink%>" onclick="<%editpopupcode%>">edit</a> -]]></part>
<part name="FORMAT_DATE"><![CDATA[%x]]></part>
<part name="FORMAT_TIME"><![CDATA[%X]]></part>
<part name="IMAGE_CODE"><![CDATA[<%image%>]]></part>

<part name="ITEM"><![CDATA[
<h3 class="item"><%title%></h3>

<div class="itembody">
  <%body%>
  <%morelink%>
</div>

<div class="iteminfo">
  <%time%> -
  <a href="<%authorlink%>"><%author%></a> -
  <%edit%>
  <%comments%>
</div>
]]></part>

<part name="LOCALE"><![CDATA[en]]></part>
<part name="MEDIA_CODE"><![CDATA[<%media%>]]></part>
<part name="MORELINK"><![CDATA[<a href="<%itemlink%>">[Read More!]</a>]]></part>
<part name="POPUP_CODE"><![CDATA[<%popuplink%>]]></part>
<part name="SEARCH_HIGHLIGHT"><![CDATA[<span class="highlight">\0</span>]]></part>
<part name="SEARCH_NOTHINGFOUND"><![CDATA[No search results found for <b><%query%></b>]]></part>

</template>

<template name="grey/full"><description>Used for detailed item pages</description>

<part name="COMMENTS_BODY"><![CDATA[<h3 class="comment"><%userlink%> wrote:</h3>

<div class="commentbody">
  <%body%>
</div>

<div class="commentinfo">
  <%date%> <%time%>
</div>]]></part>
<part name="COMMENTS_MANY"><![CDATA[comments]]></part>
<part name="COMMENTS_NONE"><![CDATA[<div class="comments">No comments yet</div>]]></part>
<part name="COMMENTS_ONE"><![CDATA[comment]]></part>
<part name="EDITLINK"><![CDATA[- <a href="<%editlink%>" onclick="<%editpopupcode%>">edit</a>]]></part>
<part name="FORMAT_DATE"><![CDATA[%x]]></part>
<part name="FORMAT_TIME"><![CDATA[%X]]></part>
<part name="IMAGE_CODE"><![CDATA[<%image%>]]></part>

<part name="ITEM"><![CDATA[
<h2><%date(%d %B)%></h2>
<h3 class="item"><%title%></h3>

<div class="itembody">
  <%body%>
  <br /><br />
  <%more%>
</div>

<div class="iteminfo">
  posted at <%time%> on <%date%>
  by <a href="?memberid=<%authorid%>"><%author%></a> -
  Category: <a href="<%categorylink%>"><%category%></a>
  <%edit%>
</div>
]]></part>

<part name="LOCALE"><![CDATA[en]]></part>
<part name="MEDIA_CODE"><![CDATA[<%media%>]]></part>
<part name="POPUP_CODE"><![CDATA[<%popuplink%>]]></part>
<part name="SEARCH_HIGHLIGHT"><![CDATA[<span class="highlight">\0</span>]]></part>

</template>

</nucleusskin>